{
  "eval_file": "data/processed/smoke_eval.jsonl",
  "top_k": 3,
  "alpha": 0.7,
  "avg_vanilla_ccr": 0.4444444444444444,
  "avg_dual_ccr": 0.4444444444444444,
  "avg_improvement": 0.0,
  "per_query": [
    {
      "query": "Find hotels that are not dirty",
      "vanilla_ccr": 0.3333333333333333,
      "dual_ccr": 0.3333333333333333,
      "improvement": 0.0
    },
    {
      "query": "Meals without peanuts",
      "vanilla_ccr": 0.3333333333333333,
      "dual_ccr": 0.3333333333333333,
      "improvement": 0.0
    },
    {
      "query": "Phones under 100 dollars",
      "vanilla_ccr": 0.6666666666666666,
      "dual_ccr": 0.6666666666666666,
      "improvement": 0.0
    }
  ]
}